CTL,1mg.mL3IY,3mMMETH,3IY+METH
CTL,1mg.mL3IY,3mMMETH,3IY+METH
CTL,1mg.mL3IY,3mMMETH,3IY+METH
CTL,1mg.mL3IY,3mMMETH,3IY+METH
CTL,1mg.mL3IY,3mMMETH,3IY+METH
CTL,1mg.mL3IY,3mMMETH,3IY+METH
CTL,1mg.mL3IY,3mMMETH,3IY+METH
CTL,1mg.mL3IY,3mMMETH,3IY+METH
CTL,1mg.mL3IY,3mMMETH,3IY+METH
CTL,1mg.mL3IY,3mMMETH,3IY+METH
CTL,1mg.mL3IY,3mMMETH,3IY+METH
CTL,1mg.mL3IY,3mMMETH,3IY+METH
CTL,1mg.mL3IY,3mMMETH,3IY+METH
CTL,1mg.mL3IY,3mMMETH,3IY+METH
CTL,1mg.mL3IY,3mMMETH,3IY+METH
CTL,1mg.mL3IY,3mMMETH,3IY+METH
CTL,1mg.mL3IY,3mMMETH,3IY+METH
CTL,1mg.mL3IY,3mMMETH,3IY+METH
CTL,1mg.mL3IY,3mMMETH,3IY+METH
CTL,1mg.mL3IY,3mMMETH,3IY+METH
CTL,1mg.mL3IY,3mMMETH,3IY+METH
CTL,1mg.mL3IY,3mMMETH,3IY+METH
CTL,1mg.mL3IY,3mMMETH,3IY+METH
CTL,1mg.mL3IY,3mMMETH,3IY+METH
CTL,1mg.mL3IY,3mMMETH,3IY+METH
CTL,1mg.mL3IY,3mMMETH,3IY+METH
CTL,1mg.mL3IY,3mMMETH,3IY+METH
CTL,1mg.mL3IY,3mMMETH,3IY+METH
CTL,1mg.mL3IY,3mMMETH,3IY+METH
CTL,1mg.mL3IY,3mMMETH,3IY+METH
CTL,1mg.mL3IY,3mMMETH,3IY+METH
CTL,1mg.mL3IY,3mMMETH,3IY+METH